name,adresse,telefon,website,hat_website,score,probleme,empfehlung,types,final_url,https,viewport,score,probleme,empfehlung,status,fehler
Restaurant Brauhaus zur Sonne - Mainz,"Sonnengäßchen 2, 55116 Mainz, Deutschland",06131 231610,http://brauhauszursonne.de/,True,20,kein HTTPS; kein Mobile-Viewport; HTML4/XHTML Doctype; Frames/Frameset,Dringend neues Design,"restaurant,food,point_of_interest,establishment",http://brauhauszursonne.de/,False,False,20,kein HTTPS; kein Mobile-Viewport; HTML4/XHTML Doctype; Frames/Frameset,Dringend neues Design,200,
Ristorante Midi,"Mitternachtsgasse 3, 55116 Mainz, Deutschland",06131 235800,http://www.bistrorante-midi.de/,True,32,kein HTTPS; kein Mobile-Viewport; <center>-Tags; Tabellen-Layout,Redesign empfohlen,"italian_restaurant,pizza_restaurant,bistro,meal_takeaway,restaurant,food,point_of_interest,establishment",http://www.bistrorante-midi.de/,False,False,32,kein HTTPS; kein Mobile-Viewport; <center>-Tags; Tabellen-Layout,Redesign empfohlen,200,
Café B20,"Betzelsstraße 20-24, 55116 Mainz, Deutschland",06131 2122019,http://www.b20.cafe/,True,40,kein HTTPS; <font>-Tags; <center>-Tags; alte jQuery (jquery-1.8); Copyright bis 2016,Redesign empfohlen,"cafe,coffee_shop,breakfast_restaurant,food_store,store,restaurant,food,point_of_interest,establishment",http://www.b20.cafe/,False,True,40,kein HTTPS; <font>-Tags; <center>-Tags; alte jQuery (jquery-1.8); Copyright bis 2016,Redesign empfohlen,200,
Hiro Sushi Vietnam finest asian kitchen,"Binger Str. 11, 55116 Mainz, Deutschland",06131 8893835,http://hirosushi-mainz.de/wp-content/uploads/2025/11/Hiro_Karte_191025.pdf,True,43,kein HTTPS; kein Mobile-Viewport; keine Media Queries,Redesign empfohlen,"asian_restaurant,sushi_restaurant,japanese_restaurant,restaurant,food,point_of_interest,establishment",http://hirosushi-mainz.de/wp-content/uploads/2025/11/Hiro_Karte_191025.pdf,False,False,43,kein HTTPS; kein Mobile-Viewport; keine Media Queries,Redesign empfohlen,200,
Buddhas MAINZ,"Adolf-Kolping-Straße 4, 55116 Mainz, Deutschland",06131 4820577,http://www.buddhas-mainz.de/,True,47,kein HTTPS; kein Mobile-Viewport; <center>-Tags,Redesign empfohlen,"sushi_restaurant,food_delivery,meal_takeaway,japanese_restaurant,restaurant,point_of_interest,food,establishment",http://www.buddhas-mainz.de/,False,False,47,kein HTTPS; kein Mobile-Viewport; <center>-Tags,Redesign empfohlen,200,
Baron,"Johann-Joachim-Becher-Weg 3, 55128 Mainz, Deutschland",06131 385850,https://www.baron-mainz.de/,True,48,kein Mobile-Viewport; HTML4/XHTML Doctype; Copyright bis 1998,Redesign empfohlen,"restaurant,food,point_of_interest,establishment",https://www.baron-mainz.de/,True,False,48,kein Mobile-Viewport; HTML4/XHTML Doctype; Copyright bis 1998,Redesign empfohlen,200,
Red Chilli,"Am Judensand 3, 55122 Mainz, Deutschland",06131 5702652,http://redchilli-thai.de/?utm_source=google_business_profile&utm_medium=button&utm_tracking_link_id=67f125bc-6dba-45a8-afb3-3623c7db4ef7,True,55,kein HTTPS; kein Mobile-Viewport,Modernisierung empfohlen,"thai_restaurant,restaurant,food,point_of_interest,establishment",http://redchilli-thai.de/,False,False,55,kein HTTPS; kein Mobile-Viewport,Modernisierung empfohlen,308,
Thai Express,"Adolf-Kolping-Straße 4, 55116 Mainz, Deutschland",06131 6028888,http://thaiexpress-food.de/?utm_source=google_business_profile&utm_medium=button&utm_tracking_link_id=b993f621-4d05-4aee-8dc6-815a0352e6a5,True,55,kein HTTPS; kein Mobile-Viewport,Modernisierung empfohlen,"thai_restaurant,asian_restaurant,meal_takeaway,japanese_restaurant,restaurant,point_of_interest,food,establishment",http://thaiexpress-food.de/,False,False,55,kein HTTPS; kein Mobile-Viewport,Modernisierung empfohlen,308,
Stadthaus Schänke,"Stadionerhofstraße 1, 55116 Mainz-Altstadt, Deutschland",06131 225845,http://www.stadthausschaenke-mainz.de/,True,55,kein HTTPS; kein Mobile-Viewport,Modernisierung empfohlen,"restaurant,food,point_of_interest,establishment",http://www.stadthausschaenke-mainz.de/,False,False,55,kein HTTPS; kein Mobile-Viewport,Modernisierung empfohlen,200,
Niko Niko Tei,"Gaustraße 67, 55116 Mainz-Altstadt, Deutschland",06131 2112888,http://www.nikonikotei.de/,True,56,kein HTTPS; keine Media Queries; Copyright bis 1999,Modernisierung empfohlen,"japanese_restaurant,sushi_restaurant,restaurant,food,point_of_interest,establishment",http://www.nikonikotei.de/,False,True,56,kein HTTPS; keine Media Queries; Copyright bis 1999,Modernisierung empfohlen,200,
Hoa Mai,"Mittlere Bleiche 23, 55116 Mainz, Deutschland",06131 9459662,http://www.hoa-mai.de.rs/,True,60,kein HTTPS; IE-Kompatibilität; keine Media Queries,Modernisierung empfohlen,"vietnamese_restaurant,restaurant,food,point_of_interest,establishment",http://www.hoa-mai.de.rs/,False,True,60,kein HTTPS; IE-Kompatibilität; keine Media Queries,Modernisierung empfohlen,404,
Weinhaus & Restaurant Hahnenhof,"Wallaustraße 18, 55118 Mainz, Deutschland",06131 2121150,http://hahnenhof-mainz.de/,True,60,kein Mobile-Viewport; HTML4/XHTML Doctype,Modernisierung empfohlen,"restaurant,austrian_restaurant,wine_bar,german_restaurant,european_restaurant,bar,food,point_of_interest,establishment",https://hahnenhof-mainz.de/,True,False,60,kein Mobile-Viewport; HTML4/XHTML Doctype,Modernisierung empfohlen,200,
Bistro Quadrifoglio,"Breite Str. 55, 55124 Mainz-Gonsenheim, Deutschland",06131 466211,http://www.bistro-quadrifoglio.de/,True,60,kein Mobile-Viewport; HTML4/XHTML Doctype,Modernisierung empfohlen,"italian_restaurant,restaurant,food,point_of_interest,establishment",https://www.bistro-quadrifoglio.de/,True,False,60,kein Mobile-Viewport; HTML4/XHTML Doctype,Modernisierung empfohlen,200,
Ristorante INCONTRO,"Augustinerstraße 57, 55116 Mainz, Deutschland",06131 238221,http://www.incontro-ristorante.de/,True,60,kein HTTPS; IE-Kompatibilität; Copyright bis 1998,Modernisierung empfohlen,"italian_restaurant,mediterranean_restaurant,restaurant,food,point_of_interest,establishment",http://www.incontro-ristorante.de/index.php?id=99,False,True,60,kein HTTPS; IE-Kompatibilität; Copyright bis 1998,Modernisierung empfohlen,200,
Il Forno a Legna,"Klarastraße 2, 55116 Mainz, Deutschland",06131 2113838,https://il-forno-a-legna-mainz.gustogang.de/,True,63,kein Mobile-Viewport; keine Media Queries,Modernisierung empfohlen,"meal_takeaway,restaurant,food,point_of_interest,establishment",https://il-forno-a-legna-mainz.gustogang.de/,True,False,63,kein Mobile-Viewport; keine Media Queries,Modernisierung empfohlen,200,
Thai Country,"Emmeransstraße 32, 55116 Mainz, Deutschland",06131 9716125,https://m.facebook.com/100068368013231/,True,63,kein Mobile-Viewport; keine Media Queries,Modernisierung empfohlen,"thai_restaurant,restaurant,food,point_of_interest,establishment",https://m.facebook.com/100068368013231/,True,False,63,kein Mobile-Viewport; keine Media Queries,Modernisierung empfohlen,200,
Nudel- und Sushibar Hai Phan,"Dr.-Martin-Luther-King-Weg 20, 55122 Mainz, Deutschland",06131 5709239,https://m.facebook.com/pages/Hai-Sushi-Nudelbar/641187245946029,True,63,kein Mobile-Viewport; keine Media Queries,Modernisierung empfohlen,"sushi_restaurant,japanese_restaurant,restaurant,point_of_interest,food,establishment",https://m.facebook.com/cookie/consent_prompt/?next_uri=https%3A%2F%2Fm.facebook.com%2Flogin.php%3Fnext%3Dhttps%253A%252F%252Fm.facebook.com%252Fpages%252FHai-Sushi-Nudelbar%252F641187245946029%26refsrc%3Ddeprecated&refsrc=deprecated&_rdr,True,False,63,kein Mobile-Viewport; keine Media Queries,Modernisierung empfohlen,200,
Cafe Extrablatt Mainz Schillerplatz,"Ludwigsstraße 1, 55116 Mainz, Deutschland",06131 6299454,https://cafe-extrablatt.de/standorte/details/cafe-extrablatt-mainz-schillerplatz,True,65,Tabellen-Layout; IE-Kompatibilität; Copyright bis 1998,Modernisierung empfohlen,"restaurant,breakfast_restaurant,bar,cafe,food,point_of_interest,establishment",https://cafe-extrablatt.de/standorte/details/cafe-extrablatt-mainz-schillerplatz,True,True,65,Tabellen-Layout; IE-Kompatibilität; Copyright bis 1998,Modernisierung empfohlen,200,
Cafe Extrablatt Mainz Markt,"Markt 7-9, 55116 Mainz, Deutschland",06131 912697,https://cafe-extrablatt.de/standorte/details/cafe-extrablatt-mainz-markt,True,65,Tabellen-Layout; IE-Kompatibilität; Copyright bis 1998,Modernisierung empfohlen,"restaurant,breakfast_restaurant,cafe,bar,food,point_of_interest,establishment",https://cafe-extrablatt.de/standorte/details/cafe-extrablatt-mainz-markt,True,True,65,Tabellen-Layout; IE-Kompatibilität; Copyright bis 1998,Modernisierung empfohlen,200,
Olivengarten,"Ebersheimer Weg 32, 55131 Mainz, Deutschland",06131 2121606,http://olivengarten-mainz.de/,True,65,kein Mobile-Viewport; Baukasten ohne Media Queries,Modernisierung empfohlen,"italian_restaurant,restaurant,food,point_of_interest,establishment",https://www.olivengarten-mainz.de/,True,False,65,kein Mobile-Viewport; Baukasten ohne Media Queries,Modernisierung empfohlen,200,
Steins Traube - Mainz,"Poststraße 4, 55126 Mainz, Deutschland",06131 40249,https://steins-traube.de/,True,67,<font>-Tags; Tabellen-Layout; IE-Kompatibilität,Modernisierung empfohlen,"fine_dining_restaurant,french_restaurant,german_restaurant,european_restaurant,restaurant,food,point_of_interest,establishment",https://steins-traube.de/,True,True,67,<font>-Tags; Tabellen-Layout; IE-Kompatibilität,Modernisierung empfohlen,200,
vietshaus,"Elisabethenstraße 2, 55130 Mainz, Deutschland",06131 2106821,http://www.vietshaus.de/,True,67,kein Mobile-Viewport; IE-Kompatibilität,Modernisierung empfohlen,"asian_restaurant,restaurant,food,point_of_interest,establishment",https://drive.google.com/file/d/1lBlVbpbL2v_SSNl_qUDuQys9nbxCXV-3/view,True,False,67,kein Mobile-Viewport; IE-Kompatibilität,Modernisierung empfohlen,200,
UDP Mainz Restaurante,"Mombacher Str. 38b, 55122 Mainz, Deutschland",06131 373214,http://udp-mainz-restaurante.com/,True,68,kein HTTPS; keine Media Queries,Modernisierung empfohlen,"portuguese_restaurant,european_restaurant,seafood_restaurant,meal_takeaway,restaurant,food,point_of_interest,establishment",http://udp-mainz-restaurante.com/,False,True,68,kein HTTPS; keine Media Queries,Modernisierung empfohlen,200,
Pizzeria La Casetta,"Heidesheimer Str. 12, 55124 Mainz, Deutschland",06131 467199,http://www.la-casetta-mainz.com/,True,70,kein HTTPS; feste Pixel-Breite,Modernisierung empfohlen,"pizza_restaurant,italian_restaurant,restaurant,point_of_interest,food,establishment",http://www.la-casetta-mainz.com/,False,True,70,kein HTTPS; feste Pixel-Breite,Modernisierung empfohlen,200,
La Rustica,"Alexander-Diehl-Straße 14, 55130 Mainz, Deutschland",06131 5769999,http://la-rustica-mainz.de/,True,70,kein HTTPS; feste Pixel-Breite,Modernisierung empfohlen,"italian_restaurant,pizza_restaurant,restaurant,food,point_of_interest,establishment",http://la-rustica-mainz.de/,False,True,70,kein HTTPS; feste Pixel-Breite,Modernisierung empfohlen,200,
Ha Long - Asia Cuisine,"Holzstraße 22, 55116 Mainz, Deutschland",0176 32778844,https://www.ha-long-mainz.de/,True,70,<center>-Tags; feste Pixel-Breite; Copyright bis 2006,Modernisierung empfohlen,"asian_restaurant,meal_takeaway,restaurant,point_of_interest,food,establishment",https://places.thebest100hotels.com/en/generic/ha-long-vietnamese-cuisine/,True,True,70,<center>-Tags; feste Pixel-Breite; Copyright bis 2006,Modernisierung empfohlen,200,
Restaurant Plaka,"Albert-Schweitzer-Straße 19, 55128 Mainz, Deutschland",06131 335915,http://restaurantplakamainz.de/,True,72,kein HTTPS; IE-Kompatibilität,Modernisierung empfohlen,"greek_restaurant,mediterranean_restaurant,restaurant,food,point_of_interest,establishment",http://restaurantplakamainz.de/,False,True,72,kein HTTPS; IE-Kompatibilität,Modernisierung empfohlen,403,
Quartier Mayence,"Weihergartenstraße 12, 55116 Mainz-Altstadt, Deutschland",06131 2199533,http://www.quartiermayence-bar.de/,True,72,kein HTTPS; IE-Kompatibilität,Modernisierung empfohlen,"restaurant,event_venue,food,point_of_interest,establishment",http://www.quartiermayence-bar.de/,False,True,72,kein HTTPS; IE-Kompatibilität,Modernisierung empfohlen,403,
Pizzeria & Bistro Lupo Mainz,"Stahlbergstraße 24, 55131 Mainz, Deutschland",06131 51150,http://lupopizzeria.de/,True,72,kein HTTPS; IE-Kompatibilität,Modernisierung empfohlen,"pizza_delivery,meal_takeaway,meal_delivery,food_delivery,italian_restaurant,restaurant,food,point_of_interest,establishment",http://lupopizzeria.de/,False,True,72,kein HTTPS; IE-Kompatibilität,Modernisierung empfohlen,403,
China Garden,"Mombacher Str. 76A, 55122 Mainz, Deutschland",06131 6007060,http://china-garden-mainz-lieferservice.de/,True,72,kein HTTPS; IE-Kompatibilität,Modernisierung empfohlen,"chinese_restaurant,mongolian_barbecue_restaurant,asian_restaurant,thai_restaurant,sushi_restaurant,japanese_restaurant,buffet_restaurant,restaurant,point_of_interest,food,establishment",http://china-garden-mainz-lieferservice.de/,False,True,72,kein HTTPS; IE-Kompatibilität,Modernisierung empfohlen,403,
Ristorante Piccolo Mondo,"Anna-Birle-Straße 3A, 55252 Wiesbaden-Mainz-Kastel, Deutschland",06134 202929,http://www.piccolomondo-it.de/,True,72,<center>-Tags; IE-Kompatibilität; Copyright bis 2017,Modernisierung empfohlen,"italian_restaurant,meal_takeaway,restaurant,point_of_interest,food,establishment",https://www.piccolomondo-it.de/,True,True,72,<center>-Tags; IE-Kompatibilität; Copyright bis 2017,Modernisierung empfohlen,200,
Maxim - Restaurant,"Neubrunnenplatz 1a, 55116 Mainz, Deutschland",06131 1439429,https://maxim-mz.de/,True,72,feste Pixel-Breite; IE-Kompatibilität; alter Generator (iweb),Modernisierung empfohlen,"western_restaurant,cocktail_bar,apartment_building,bar,lodging,service,restaurant,food,point_of_interest,establishment",https://maxim-mz.de/,True,True,72,feste Pixel-Breite; IE-Kompatibilität; alter Generator (iweb),Modernisierung empfohlen,200,
pankratz,"Lindenpl. 6, 55129 Mainz-Hechtsheim, Deutschland",06131 957780,https://www.pankratiushof.de/,True,72,feste Pixel-Breite; IE-Kompatibilität; alter Generator (iweb),Modernisierung empfohlen,"german_restaurant,breakfast_restaurant,european_restaurant,restaurant,food,point_of_interest,establishment",https://www.pankratiushof.de/,True,True,72,feste Pixel-Breite; IE-Kompatibilität; alter Generator (iweb),Modernisierung empfohlen,200,
Café Lille Hus Mainz,"Kirschgarten 21, 55116 Mainz, Deutschland",,https://www.lillehusmainz.de/,True,72,feste Pixel-Breite; IE-Kompatibilität; alter Generator (iweb),Modernisierung empfohlen,"breakfast_restaurant,scandinavian_restaurant,cafe,restaurant,food,point_of_interest,establishment",https://www.lillehusmainz.de/,True,True,72,feste Pixel-Breite; IE-Kompatibilität; alter Generator (iweb),Modernisierung empfohlen,200,
heimat-mainz,"Spritzengasse 2, 55116 Mainz, Deutschland",06131 2499434,https://heimat-mainz.de/,True,75,kein Mobile-Viewport,OK – ggf. kleine Updates,"german_restaurant,european_restaurant,restaurant,food,point_of_interest,establishment",https://heimat-mainz.de/,True,False,75,kein Mobile-Viewport,OK – ggf. kleine Updates,308,
Corfu Mainz,"Schillstraße 15, 55131 Mainz, Deutschland",06131 6694841,https://corfumainz.de/?utm_source=google_business_profile&utm_medium=button&utm_tracking_link_id=3cf62558-6d44-4cb5-9c70-cea3c69c54d4,True,75,kein Mobile-Viewport,OK – ggf. kleine Updates,"restaurant,food,point_of_interest,establishment",https://corfumainz.de/,True,False,75,kein Mobile-Viewport,OK – ggf. kleine Updates,308,
La Siciliana Mainz,"Heuerstraße 14A, 55129 Mainz, Deutschland",06131 6334692,https://lasicilianamainz.de/,True,75,kein Mobile-Viewport,OK – ggf. kleine Updates,"italian_restaurant,pizza_delivery,pizza_restaurant,meal_delivery,food_delivery,meal_takeaway,restaurant,food,point_of_interest,establishment",https://lasicilianamainz.de/,True,False,75,kein Mobile-Viewport,OK – ggf. kleine Updates,308,
Hà Nội Phố,"Neubrunnenstraße 3, 55116 Mainz, Deutschland",06131 2400505,https://hanoipho.günstigbestellen.de/,True,75,kein Mobile-Viewport,OK – ggf. kleine Updates,"vietnamese_restaurant,meal_delivery,food_delivery,noodle_shop,meal_takeaway,japanese_restaurant,restaurant,food,point_of_interest,establishment",https://hanoipho.günstigbestellen.de/,True,False,75,kein Mobile-Viewport,OK – ggf. kleine Updates,400,
Asia Mai-Linh,"Philipp-Reis-Straße 13, 55129 Mainz, Deutschland",06131 501308,https://mai-linh.günstigbestellen.de/,True,75,kein Mobile-Viewport,OK – ggf. kleine Updates,"asian_restaurant,thai_restaurant,restaurant,point_of_interest,food,establishment",https://mai-linh.günstigbestellen.de/,True,False,75,kein Mobile-Viewport,OK – ggf. kleine Updates,400,
Pizzeria Sole,"Pariser Str. 20, 55131 Mainz, Deutschland",06131 6968999,http://www.sole-mainz.de/,True,75,Tabellen-Layout; feste Pixel-Breite,OK – ggf. kleine Updates,"pizza_restaurant,italian_restaurant,meal_takeaway,restaurant,point_of_interest,food,establishment",https://sole-mainz.de/,True,True,75,Tabellen-Layout; feste Pixel-Breite,OK – ggf. kleine Updates,200,
Gudn. Restaurant & Weingarten,"Breite Str. 65, 55124 Mainz, Deutschland",06131 6968543,http://www.gudn-food.de/,True,75,HTML4/XHTML Doctype; feste Pixel-Breite,OK – ggf. kleine Updates,"restaurant,food,point_of_interest,establishment",https://www.gudn-food.de/,True,True,75,HTML4/XHTML Doctype; feste Pixel-Breite,OK – ggf. kleine Updates,200,
Zenbi - Sushi Mainz & Asiatisches Fusion Restaurant,"Rotekopfgasse 2, 55116 Mainz, Deutschland",06131 6062648,https://zenbi-mainz.de/,True,75,kein Mobile-Viewport,OK – ggf. kleine Updates,"sushi_restaurant,japanese_restaurant,asian_fusion_restaurant,fusion_restaurant,asian_restaurant,restaurant,food,point_of_interest,establishment",https://zenbi-mainz.de/,True,False,75,kein Mobile-Viewport,OK – ggf. kleine Updates,200,
Geberts Weinstuben,"Frauenlobstraße 94, 55118 Mainz, Deutschland",06131 611619,http://www.geberts-weinstuben.de/,True,76,keine Media Queries; Copyright bis 1998,OK – ggf. kleine Updates,"german_restaurant,european_restaurant,bar,restaurant,food,point_of_interest,establishment",https://www.geberts-weinstuben.de/,True,True,76,keine Media Queries; Copyright bis 1998,OK – ggf. kleine Updates,200,
Bellpepper Restaurant & Terrasse,"Templerstraße 6, 55116 Mainz, Deutschland",06131 7311537,https://www.bellpepper.de/?utm_source=googlebusinessprofile&utm_medium=organic&utm_campaign=website,True,77,Tabellen-Layout; IE-Kompatibilität,OK – ggf. kleine Updates,"restaurant,fine_dining_restaurant,food,point_of_interest,establishment",https://www.bellpepper.de/,True,True,77,Tabellen-Layout; IE-Kompatibilität,OK – ggf. kleine Updates,200,
Prost & Mahlzeit – Mainz,"Schusterstraße 18 - 20, 55116 Mainz, Deutschland",06131 2494031,http://www.prostundmahlzeit-mainz.de/,True,78,feste Pixel-Breite; keine Media Queries,OK – ggf. kleine Updates,"german_restaurant,brewpub,wine_bar,beer_garden,pub,european_restaurant,bar,restaurant,food,point_of_interest,establishment",https://www.prostundmahlzeit-mainz.de/,True,True,78,feste Pixel-Breite; keine Media Queries,OK – ggf. kleine Updates,200,
ALEX Mainz,"Gutenbergpl. 14, 55116 Mainz, Deutschland",06131 1447350,http://www.dein-alex.de/mainz,True,80,IE-Kompatibilität; Copyright bis 1998,OK – ggf. kleine Updates,"restaurant,brunch_restaurant,breakfast_restaurant,snack_bar,cafe,meal_takeaway,food,point_of_interest,establishment",https://www.dein-alex.de/mainz,True,True,80,IE-Kompatibilität; Copyright bis 1998,OK – ggf. kleine Updates,200,
Café Dinges Mainz,"Mailandsgasse 2, 55116 Mainz-Rebstockplatz, Deutschland",06131 227833,http://www.cafe-dinges.com/,True,80,kein HTTPS,OK – ggf. kleine Updates,"cafe,food,point_of_interest,establishment",http://www.cafe-dinges.com/offline,False,True,80,kein HTTPS,OK – ggf. kleine Updates,200,
"Ristorante alCortile Holzofenpizzeria con Cucina ''1. Mainzer Holzofenpizzeria""","Kartäuserstraße 14, 55116 Mainz, Deutschland",06131 617878,http://www.alcortile.de/,True,80,IE-Kompatibilität; Copyright bis 1998,OK – ggf. kleine Updates,"italian_restaurant,meal_takeaway,restaurant,food,point_of_interest,establishment",https://www.alcortile.de/index.php?id=97,True,True,80,IE-Kompatibilität; Copyright bis 1998,OK – ggf. kleine Updates,200,
Hanoi,"Münsterstraße 17-19, 55116 Mainz, Deutschland",06131 6962302,http://hanoi-mainz.de/,True,80,<font>-Tags; feste Pixel-Breite,OK – ggf. kleine Updates,"vietnamese_restaurant,restaurant,food,point_of_interest,establishment",https://hanoi-mainz.de/,True,True,80,<font>-Tags; feste Pixel-Breite,OK – ggf. kleine Updates,200,
HANS IM GLÜCK - MAINZ Gutenbergplatz,"Gutenbergpl. 6, 55116 Mainz, Deutschland",06131 926604,https://hansimglueck-burgergrill.de/burger-restaurant/mainz-gutenbergplatz/?utm_source=google&utm_medium=yext&utm_campaign=33,True,80,IE-Kompatibilität; Copyright bis 1998,OK – ggf. kleine Updates,"hamburger_restaurant,vegan_restaurant,lounge_bar,vegetarian_restaurant,night_club,bar_and_grill,bar,american_restaurant,restaurant,food,point_of_interest,establishment",https://hansimglueck-burgergrill.de/burger-restaurant/mainz-gutenbergplatz/,True,True,80,IE-Kompatibilität; Copyright bis 1998,OK – ggf. kleine Updates,200,
El Burro,"Dominikanerstraße 2, 55116 Mainz, Deutschland",06131 2144795,http://www.el-burro.de/,True,82,feste Pixel-Breite; IE-Kompatibilität,OK – ggf. kleine Updates,"mexican_restaurant,restaurant,food,point_of_interest,establishment",https://el-burro.de/,True,True,82,feste Pixel-Breite; IE-Kompatibilität,OK – ggf. kleine Updates,200,
Trattoria Peperoncino,"Emmeransstraße 1, 55116 Mainz-Altstadt, Deutschland",06131 5540377,http://www.peperoncino-mainz.de/,True,82,feste Pixel-Breite; IE-Kompatibilität,OK – ggf. kleine Updates,"italian_restaurant,restaurant,food,point_of_interest,establishment",https://www.peperoncino-mainz.de/,True,True,82,feste Pixel-Breite; IE-Kompatibilität,OK – ggf. kleine Updates,200,
Hyu Sushi 124,"Breite Str. 22, 55124 Mainz, Deutschland",06131 2770199,https://hyu124.de/,True,82,feste Pixel-Breite; IE-Kompatibilität,OK – ggf. kleine Updates,"sushi_restaurant,japanese_restaurant,restaurant,point_of_interest,food,establishment",https://hyu124.de/,True,True,82,feste Pixel-Breite; IE-Kompatibilität,OK – ggf. kleine Updates,200,
Bellini’s Herzstück,"Adam-Karrillon-Straße 4, 55118 Mainz, Deutschland",0177 7318456,https://sellwerk.de/firmenprofil/bellinis-herzstueck,True,82,IE-Kompatibilität; alter Generator (iweb),OK – ggf. kleine Updates,"bar,cafe,food,point_of_interest,establishment",https://sellwerk.de/firmenprofil/bellinis-herzstueck,True,True,82,IE-Kompatibilität; alter Generator (iweb),OK – ggf. kleine Updates,200,
Gusto,"Heidesheimer Str. 1, 55124 Mainz, Deutschland",06131 1449049,http://www.gusto-winebar-mainz.de/,True,82,IE-Kompatibilität; Baukasten ohne Media Queries,OK – ggf. kleine Updates,"italian_restaurant,restaurant,food,point_of_interest,establishment",https://www.gusto-winebar-mainz.de/,True,True,82,IE-Kompatibilität; Baukasten ohne Media Queries,OK – ggf. kleine Updates,200,
Pizzeria Kiara,"Welschnonnengasse 1, 55116 Mainz, Deutschland",06131 6192799,http://www.kiara-mainz.de/,True,82,IE-Kompatibilität; Baukasten ohne Media Queries,OK – ggf. kleine Updates,"pizza_restaurant,italian_restaurant,restaurant,point_of_interest,food,establishment",https://www.kiara-mainz.de/,True,True,82,IE-Kompatibilität; Baukasten ohne Media Queries,OK – ggf. kleine Updates,200,
Via Monte Mainz,"Rheinstraße 47-49, 55116 Mainz, Deutschland",06131 8942612,https://via-monte.eatbu.com/?lang=de,True,82,feste Pixel-Breite; IE-Kompatibilität,OK – ggf. kleine Updates,"italian_restaurant,restaurant,food,point_of_interest,establishment",https://via-monte.eatbu.com/?lang=de,True,True,82,feste Pixel-Breite; IE-Kompatibilität,OK – ggf. kleine Updates,200,
Augustinerkeller,"Augustinerstraße 26, 55116 Mainz, Deutschland",06131 222662,https://augustinerkeller-mainz.eatbu.com/,True,82,feste Pixel-Breite; IE-Kompatibilität,OK – ggf. kleine Updates,"german_restaurant,wine_bar,european_restaurant,bar,restaurant,food,point_of_interest,establishment",https://augustinerkeller-mainz.eatbu.com/?lang=de,True,True,82,feste Pixel-Breite; IE-Kompatibilität,OK – ggf. kleine Updates,200,
august,"Leichhof 14, 55116 Mainz, Deutschland",06131 2495379,http://www.august-mainz.de/,True,82,feste Pixel-Breite; IE-Kompatibilität,OK – ggf. kleine Updates,"restaurant,food,point_of_interest,establishment",https://august.eatbu.com/?lang=de,True,True,82,feste Pixel-Breite; IE-Kompatibilität,OK – ggf. kleine Updates,200,
Moctezuma Mainz,"Rheinstraße 23, 55116 Mainz, Deutschland",06131 234143,https://moctezuma-mainz.eatbu.com/,True,82,feste Pixel-Breite; IE-Kompatibilität,OK – ggf. kleine Updates,"mexican_restaurant,restaurant,food,point_of_interest,establishment",https://moctezuma-mainz.eatbu.com/?lang=de,True,True,82,feste Pixel-Breite; IE-Kompatibilität,OK – ggf. kleine Updates,200,
Hasekaste Mainz,"Eugen-Salomon-Straße 1, 55128 Mainz, Deutschland",06131 37550483,http://hasekaste.de/,True,82,feste Pixel-Breite; IE-Kompatibilität,OK – ggf. kleine Updates,"restaurant,food,point_of_interest,establishment",https://hasekaste.geo.io/,True,True,82,feste Pixel-Breite; IE-Kompatibilität,OK – ggf. kleine Updates,200,
Bistro U1,"Bahnhofpl. 2, 55116 Mainz, Deutschland",06131 5542704,https://bistro-u1-mainz.eatbu.com/?lang=de#contact,True,82,feste Pixel-Breite; IE-Kompatibilität,OK – ggf. kleine Updates,"bistro,restaurant,food,point_of_interest,establishment",https://bistro-u1-mainz.eatbu.com/?lang=de,True,True,82,feste Pixel-Breite; IE-Kompatibilität,OK – ggf. kleine Updates,200,
COCO Green Goodies,"Schillerstraße 24, 55116 Mainz, Deutschland",06131 2779699,https://cocogreengoodies.de/,True,82,feste Pixel-Breite; IE-Kompatibilität,OK – ggf. kleine Updates,"salad_shop,restaurant,food,point_of_interest,establishment",https://cocogreengoodies.de:443/?lang=de,True,True,82,feste Pixel-Breite; IE-Kompatibilität,OK – ggf. kleine Updates,200,
Da Marcello,"Hans-Böckler-Straße 8a, 55128 Mainz, Deutschland",06131 35798,https://da-marcello-mainz.eatbu.com/?lang=de,True,82,feste Pixel-Breite; IE-Kompatibilität,OK – ggf. kleine Updates,"restaurant,chocolate_shop,vegan_restaurant,vegetarian_restaurant,ice_cream_shop,candy_store,italian_restaurant,dessert_shop,confectionery,cake_shop,wholesaler,bakery,food_store,store,manufacturer,food,point_of_interest,establishment",https://da-marcello-mainz.eatbu.com/?lang=de,True,True,82,feste Pixel-Breite; IE-Kompatibilität,OK – ggf. kleine Updates,200,
Restaurant Mediterraneo,"Am Judensand 3, 55122 Mainz, Deutschland",06131 5703454,http://www.mediterraneo-mainz.de/,True,82,feste Pixel-Breite; IE-Kompatibilität,OK – ggf. kleine Updates,"italian_restaurant,restaurant,food,point_of_interest,establishment",https://mediterraneo-mainz.de/,True,True,82,feste Pixel-Breite; IE-Kompatibilität,OK – ggf. kleine Updates,200,
La Fontana,"Waldthausenstraße 87, 55126 Mainz, Deutschland",06131 472349,https://la-fontana-mainz.eatbu.com/?lang=de,True,82,feste Pixel-Breite; IE-Kompatibilität,OK – ggf. kleine Updates,"restaurant,point_of_interest,food,establishment",https://la-fontana-mainz.eatbu.com/?lang=de,True,True,82,feste Pixel-Breite; IE-Kompatibilität,OK – ggf. kleine Updates,200,
Mr. LE - Vietnamesisches Restaurant,"Fischtorstraße 1, 55116 Mainz, Deutschland",06131 1438345,https://mrle-vietnamrestaurant.de/,True,82,feste Pixel-Breite; IE-Kompatibilität,OK – ggf. kleine Updates,"asian_restaurant,vietnamese_restaurant,sushi_restaurant,japanese_restaurant,restaurant,food,point_of_interest,establishment",https://d-gastro24.de/order/mrle-vietnamrestaurant,True,True,82,feste Pixel-Breite; IE-Kompatibilität,OK – ggf. kleine Updates,200,
Kaia Mainz – Modern Asian Dining,"Leibnizstraße 34, 55118 Mainz, Deutschland",06131 5540749,http://www.kaia-mainz.de/,True,82,feste Pixel-Breite; IE-Kompatibilität,OK – ggf. kleine Updates,"restaurant,food,point_of_interest,establishment",https://www.kaia-mainz.de/,True,True,82,feste Pixel-Breite; IE-Kompatibilität,OK – ggf. kleine Updates,200,
Ba Bao,"Gaustraße 9, 55116 Mainz, Deutschland",06131 4879538,https://babao-mainz.eatbu.com/,True,82,feste Pixel-Breite; IE-Kompatibilität,OK – ggf. kleine Updates,"vietnamese_restaurant,restaurant,food,point_of_interest,establishment",https://babao-mainz.eatbu.com/?lang=de,True,True,82,feste Pixel-Breite; IE-Kompatibilität,OK – ggf. kleine Updates,200,
Mito - Fine Sushi & Asian Cuisine Mainz,"Seppel-Glückert-Passage 14, 55116 Mainz, Deutschland",0173 5741305,https://mito-mainz.eatbu.com/?lang=de,True,82,feste Pixel-Breite; IE-Kompatibilität,OK – ggf. kleine Updates,"sushi_restaurant,vietnamese_restaurant,asian_fusion_restaurant,fusion_restaurant,asian_restaurant,japanese_restaurant,restaurant,food,point_of_interest,establishment",https://mito-mainz.eatbu.com/?lang=de,True,True,82,feste Pixel-Breite; IE-Kompatibilität,OK – ggf. kleine Updates,200,
Pizzeria Da Salvo,"Werrastraße 3, 55122 Mainz-Gonsenheim, Deutschland",06131 42995,http://www.pizzeriadasalvo.de/,True,85,HTML4/XHTML Doctype,OK – ggf. kleine Updates,"pizza_restaurant,italian_restaurant,restaurant,food,point_of_interest,establishment",https://pizzeriadasalvo.de/,True,True,85,HTML4/XHTML Doctype,OK – ggf. kleine Updates,200,
La Primavera,"Ob. Kreuzstraße 30, 55120 Mainz, Deutschland",06131 2501110,https://www.la-primavera-mainz.de/,True,85,HTML4/XHTML Doctype,OK – ggf. kleine Updates,"restaurant,italian_restaurant,food,point_of_interest,establishment",https://www.la-primavera-mainz.de/,True,True,85,HTML4/XHTML Doctype,OK – ggf. kleine Updates,200,
Mama Hoa,"Rathausstraße 10, 55128 Mainz, Deutschland",01590 6388999,https://www.mamahoa.de/,True,85,HTML4/XHTML Doctype,OK – ggf. kleine Updates,"vietnamese_restaurant,restaurant,food,point_of_interest,establishment",https://www.mamahoa.de/,True,True,85,HTML4/XHTML Doctype,OK – ggf. kleine Updates,200,
Restaurant JONAS,"Ballpl. 2, 55116 Mainz-Altstadt, Deutschland",06131 2148018,https://restaurant-jonas.de/,True,88,keine Media Queries,OK – ggf. kleine Updates,"restaurant,food,point_of_interest,establishment",https://restaurant-jonas.de/,True,True,88,keine Media Queries,OK – ggf. kleine Updates,403,
L'Osteria Mainz,"Holzhofstraße 7, 55116 Mainz, Deutschland",06131 6937440,https://losteria.net/de/restaurants/restaurant/mainz/,True,88,Copyright bis 1998,OK – ggf. kleine Updates,"italian_restaurant,pizza_restaurant,restaurant,food,point_of_interest,establishment",https://losteria.net/de/restaurants/restaurant/mainz/,True,True,88,Copyright bis 1998,OK – ggf. kleine Updates,200,
Stadtbalkon – Lavagrill & Bar,"Gutenbergpl. 2, 55116 Mainz-Altstadt, Deutschland",06131 6987747,http://www.stadtbalkon-mainz.de/,True,88,keine Media Queries,OK – ggf. kleine Updates,"bar_and_grill,hamburger_restaurant,cocktail_bar,american_restaurant,bar,restaurant,food,point_of_interest,establishment",https://stadtbalkon-mainz.de/,True,True,88,keine Media Queries,OK – ggf. kleine Updates,200,
goldmarie mainz,"Clarissa-Kupferberg-Platz 9, 55118 Mainz, Deutschland",015678 127702,http://www.goldmariemainz.de/,True,88,keine Media Queries,OK – ggf. kleine Updates,"bistro,restaurant,food,point_of_interest,establishment",https://www.goldmariemainz.de/,True,True,88,keine Media Queries,OK – ggf. kleine Updates,200,
Olivenbaum,"Alfred-Mumbächer-Straße 67D, 55128 Mainz, Deutschland",06131 331576,http://zum-olivenbaum.de/,True,88,keine Media Queries,OK – ggf. kleine Updates,"restaurant,point_of_interest,food,establishment",https://zum-olivenbaum.de/,True,True,88,keine Media Queries,OK – ggf. kleine Updates,200,
Palm Bowls Mainz,"Dominikanerstraße 4, 55116 Mainz, Deutschland",06131 5866944,http://palmbowls.de/,True,88,keine Media Queries,OK – ggf. kleine Updates,"restaurant,vegan_restaurant,vegetarian_restaurant,asian_restaurant,fast_food_restaurant,cafe,food,point_of_interest,establishment",https://www.palmbowls.de/,True,True,88,keine Media Queries,OK – ggf. kleine Updates,200,
Mai Anh,"Breite Str. 71, 55124 Mainz-Gonsenheim, Deutschland",06131 43171,https://sites.google.com/view/maianh-restaurant,True,90,feste Pixel-Breite,OK – ggf. kleine Updates,"vietnamese_restaurant,thai_restaurant,restaurant,point_of_interest,food,establishment",https://accounts.google.com/v3/signin/identifier?continue=https%3A%2F%2Fsites.google.com%2Fview%2Fmaianh-restaurant&dsh=S-1608636011%3A1783498242163852&followup=https%3A%2F%2Fsites.google.com%2Fview%2Fmaianh-restaurant&osid=1&passive=1209600&flowName=WebLiteSignIn&flowEntry=ServiceLogin&ifkv=AcDsRvxhV9E_epSwW4FhG68GNGMERSLKC438qnBwUIXYOCpE9kGiZtiLDhgdw9kLf2QPnqlaD1hIRg,True,True,90,feste Pixel-Breite,OK – ggf. kleine Updates,200,
Amore Vino Mainz,"Stefanspl. 1, 55116 Mainz, Deutschland",06131 9455117,https://amore-vino.de/,True,90,feste Pixel-Breite,OK – ggf. kleine Updates,"restaurant,food,point_of_interest,establishment",https://amore-vino.de/,True,True,90,feste Pixel-Breite,OK – ggf. kleine Updates,200,
Weinstube „Am Holztor“,"Holzstraße 40, 55116 Mainz, Deutschland",06131 5547700,http://www.amholztor.de/,True,90,<font>-Tags,OK – ggf. kleine Updates,"restaurant,food,point_of_interest,establishment",https://www.amholztor.de/,True,True,90,<font>-Tags,OK – ggf. kleine Updates,200,
Weinhaus Bluhm,"Badergasse 1, 55116 Mainz, Deutschland",06131 4906343,https://weinhaus-bluhm.de/,True,90,feste Pixel-Breite,OK – ggf. kleine Updates,"restaurant,wine_bar,bar,food,point_of_interest,establishment",https://weinhaus-bluhm.de/,True,True,90,feste Pixel-Breite,OK – ggf. kleine Updates,200,
Das Nest Café/Bistro/Afterwork,"Kaiser-Wilhelm-Ring 40, 55118 Mainz, Deutschland",06131 4807119,https://www.das-nest-mainz.de/,True,90,feste Pixel-Breite,OK – ggf. kleine Updates,"cafe,bistro,bar,restaurant,food,point_of_interest,establishment",https://www.das-nest-mainz.de/,True,True,90,feste Pixel-Breite,OK – ggf. kleine Updates,200,
Günay’s Café – Mainz,"Mittlere Bleiche 9, 55116 Mainz, Deutschland",0163 8218787,https://guenays-cafe.de/,True,90,alte jQuery (jquery-1.1),OK – ggf. kleine Updates,"cafe,catering_service,bistro,food_delivery,dessert_restaurant,coffee_shop,middle_eastern_restaurant,turkish_restaurant,breakfast_restaurant,bakery,food_store,store,service,restaurant,food,point_of_interest,establishment",https://guenays-cafe.de/,True,True,90,alte jQuery (jquery-1.1),OK – ggf. kleine Updates,200,
Trattoria Da Arnaldo,"Wallstraße 56, 55122 Mainz, Deutschland",06131 320526,https://www.trattoria-da-arnaldo-mainz.de/,True,90,<font>-Tags,OK – ggf. kleine Updates,"italian_restaurant,restaurant,food,point_of_interest,establishment",https://www.trattoria-da-arnaldo-mainz.de/,True,True,90,<font>-Tags,OK – ggf. kleine Updates,200,
Oma Else,"Jakobsbergstraße 12, 55116 Mainz, Deutschland",06131 5530476,http://oma-else.de/,True,90,feste Pixel-Breite,OK – ggf. kleine Updates,"restaurant,food,point_of_interest,establishment",https://oma-else.de/,True,True,90,feste Pixel-Breite,OK – ggf. kleine Updates,200,
Bootshaus Mainz,"Victor-Hugo-Ufer 1, 55116 Mainz, Deutschland",06131 1438700,http://www.bootshausmainz.de/,True,90,feste Pixel-Breite,OK – ggf. kleine Updates,"restaurant,food,point_of_interest,establishment",https://bootshausmainz.de/,True,True,90,feste Pixel-Breite,OK – ggf. kleine Updates,200,
Bei Bruno / Restaurant / Catering / Eventlocation,"Wilhelm-Maybach-Strasse, Dekan-Laist-Straße 54, 55129 Mainz-Hechtsheim, Deutschland",06131 5842304,http://www.bei-bruno.de/,True,90,feste Pixel-Breite,OK – ggf. kleine Updates,"restaurant,german_restaurant,european_restaurant,food,point_of_interest,establishment",https://www.bei-bruno.de/,True,True,90,feste Pixel-Breite,OK – ggf. kleine Updates,200,
Restaurant Esszimmer – Gonsberg,"Im Niedergarten 16, 55124 Mainz, Deutschland",,http://www.esszimmer-mainz.de/,True,90,feste Pixel-Breite,OK – ggf. kleine Updates,"restaurant,food,point_of_interest,establishment",https://www.esszimmer-mainz.de/,True,True,90,feste Pixel-Breite,OK – ggf. kleine Updates,200,
butterfly | brunch & bar. coffee & cocktails.,"Große Langgasse 12, 55116 Mainz, Deutschland",0178 3093871,http://butterflybrunchbar.de/,True,90,feste Pixel-Breite,OK – ggf. kleine Updates,"breakfast_restaurant,brunch_restaurant,bar,restaurant,food,point_of_interest,establishment",https://www.butterflybrunchbar.de/,True,True,90,feste Pixel-Breite,OK – ggf. kleine Updates,200,
Eisgrub-Bräu,"Weißliliengasse 1A, 55116 Mainz, Deutschland",06131 221104,https://www.eisgrub.de/,True,90,<font>-Tags,OK – ggf. kleine Updates,"brewery,restaurant,food,manufacturer,service,point_of_interest,establishment",https://www.eisgrub.de/,True,True,90,<font>-Tags,OK – ggf. kleine Updates,200,
schnack,"Mitternacht 18, 55116 Mainz, Deutschland",,http://cafeschnack.de/,True,90,feste Pixel-Breite,OK – ggf. kleine Updates,"cafe,food,point_of_interest,establishment",https://cafeschnack.de/,True,True,90,feste Pixel-Breite,OK – ggf. kleine Updates,200,
Retro,"Pfarrstraße 6, 55124 Mainz, Deutschland",06131 1439106,https://retro-gonsenheim.de/,True,90,feste Pixel-Breite,OK – ggf. kleine Updates,"bar,point_of_interest,establishment",https://retro-gonsenheim.de/,True,True,90,feste Pixel-Breite,OK – ggf. kleine Updates,200,
Zeytoun - Die Olive,"Kapellenstraße 40, 55124 Mainz, Deutschland",0171 3333828,http://www.zeytoun.de/,True,90,feste Pixel-Breite,OK – ggf. kleine Updates,"bistro,middle_eastern_restaurant,turkish_restaurant,falafel_restaurant,restaurant,food,point_of_interest,establishment",https://zeytoun.de/,True,True,90,feste Pixel-Breite,OK – ggf. kleine Updates,200,
Ristorante San Marco,"Am Stiftswingert 4, 55131 Mainz, Deutschland",06131 82962,https://sanmarco-mainz.de/,True,90,feste Pixel-Breite,OK – ggf. kleine Updates,"restaurant,food,point_of_interest,establishment",https://sanmarco-mainz.de/,True,True,90,feste Pixel-Breite,OK – ggf. kleine Updates,200,
La Oliva Mainz City,"Große Langgasse 6, 55116 Mainz, Deutschland",06131 2106696,https://laoliva.de/,True,90,feste Pixel-Breite,OK – ggf. kleine Updates,"meal_takeaway,restaurant,food,point_of_interest,establishment",https://laoliva.de/,True,True,90,feste Pixel-Breite,OK – ggf. kleine Updates,200,
Ristorante Tropea,"Am Kesseltal 8, 55129 Mainz, Deutschland",06136 9536988,http://www.tropea-mainz.de/,True,90,feste Pixel-Breite,OK – ggf. kleine Updates,"italian_restaurant,restaurant,food,point_of_interest,establishment",https://tropea-mainz.de/,True,True,90,feste Pixel-Breite,OK – ggf. kleine Updates,200,
Osakii Pan Asian Restaurant,"Weberstraße 15, 55130 Mainz, Deutschland",06131 8805599,http://www.osakii-mainz.de/,True,90,feste Pixel-Breite,OK – ggf. kleine Updates,"fusion_restaurant,restaurant,food,point_of_interest,establishment",https://osakii-mainz.de/,True,True,90,feste Pixel-Breite,OK – ggf. kleine Updates,200,
an o ban,"Wallaustraße 4, 55118 Mainz, Deutschland",06131 3296115,http://www.anoban.de/,True,90,feste Pixel-Breite,OK – ggf. kleine Updates,"restaurant,asian_restaurant,cafe,food,point_of_interest,establishment",https://notavailable.goneo.de/,True,True,90,feste Pixel-Breite,OK – ggf. kleine Updates,200,
Beim Peter,"Feldbergstraße 2, 55118 Mainz, Deutschland",06131 9507570,https://de-de.facebook.com/MetzgereiBeimPeter,True,90,alter Generator (iweb),OK – ggf. kleine Updates,"restaurant,food,point_of_interest,establishment",https://de-de.facebook.com/MetzgereiBeimPeter,True,True,90,alter Generator (iweb),OK – ggf. kleine Updates,200,
Maymay Bistro,"Reiterweg 15, 55129 Mainz, Deutschland",015563 399984,https://www.instagram.com/maymay.ebersheim/,True,90,alter Generator (iweb),OK – ggf. kleine Updates,"asian_restaurant,restaurant,food,point_of_interest,establishment",https://www.instagram.com/maymay.ebersheim/,True,True,90,alter Generator (iweb),OK – ggf. kleine Updates,200,
The Kiwi Corner,"Gartenfeldstraße 10, 55118 Mainz, Deutschland",,https://www.instagram.com/the.kiwi.corner.mainz/,True,90,alter Generator (iweb),OK – ggf. kleine Updates,"cafe,food,point_of_interest,establishment",https://www.instagram.com/the.kiwi.corner.mainz/,True,True,90,alter Generator (iweb),OK – ggf. kleine Updates,200,
Schinderhannes grill mezze,"Holzstraße 15, 55116 Mainz, Deutschland",06131 8891003,https://instagram.com/schinderhannes.de?igshid=YmMyMTA2M2Y=,True,90,alter Generator (iweb),OK – ggf. kleine Updates,"bistro,restaurant,food,point_of_interest,establishment",https://www.instagram.com/schinderhannes.de?igshid=YmMyMTA2M2Y%3D,True,True,90,alter Generator (iweb),OK – ggf. kleine Updates,200,
"Izakaya popup - kitchen, drinks, fusion","Holzhofstraße 5, 55116 Mainz, Deutschland",01512 1269573,https://www.instagram.com/izakaya_mainz/,True,90,alter Generator (iweb),OK – ggf. kleine Updates,"japanese_restaurant,restaurant,food,point_of_interest,establishment",https://www.instagram.com/izakaya_mainz/,True,True,90,alter Generator (iweb),OK – ggf. kleine Updates,200,
102 café & mehr,"Langenbeckstraße 1/Geb 102, 55131 Mainz, Deutschland",06131 2140289,https://www.das102.de/kontakt/,True,92,IE-Kompatibilität,OK – ggf. kleine Updates,"cafe,food,point_of_interest,establishment",https://www.das102.de/kontakt/,True,True,92,IE-Kompatibilität,OK – ggf. kleine Updates,403,
Di Alessa,"Feldbergstraße 14, 55118 Mainz, Deutschland",06131 9710999,https://di-alessa.de/,True,92,IE-Kompatibilität,OK – ggf. kleine Updates,"italian_restaurant,meal_takeaway,restaurant,food,point_of_interest,establishment",https://di-alessa.de/,True,True,92,IE-Kompatibilität,OK – ggf. kleine Updates,403,
Re Castello | Mainz,"Schottstraße 5, 55116 Mainz, Deutschland",06131 6226089,https://pizzeria-recastello.de/,True,92,IE-Kompatibilität,OK – ggf. kleine Updates,"italian_restaurant,pizza_delivery,meal_delivery,diner,pizza_restaurant,meal_takeaway,food_delivery,restaurant,food,point_of_interest,establishment",https://pizzeria-recastello.de/,True,True,92,IE-Kompatibilität,OK – ggf. kleine Updates,403,
Pizza Dato,"Neue Mainzer Str. 16, 55129 Mainz-Hechtsheim, Deutschland",06131 504592,https://pizzadato-mainz.de/,True,92,IE-Kompatibilität,OK – ggf. kleine Updates,"italian_restaurant,pizza_delivery,meal_delivery,pizza_restaurant,meal_takeaway,food_delivery,restaurant,food,point_of_interest,establishment",https://pizzadato-mainz.de/,True,True,92,IE-Kompatibilität,OK – ggf. kleine Updates,403,
Pizzeria Milano - Holzofen Pizza Mainz | Restaurant und Lieferservice,"An d. Philippsschanze 7, 55131 Mainz, Deutschland",06131 9309433,https://pizzeria-milano-mainz.de/delivery?utm_source=google&utm_medium=mybusiness&utm_campaign=gb,True,92,IE-Kompatibilität,OK – ggf. kleine Updates,"pizza_restaurant,pizza_delivery,meal_delivery,european_restaurant,meal_takeaway,italian_restaurant,food_delivery,restaurant,food,point_of_interest,establishment",https://pizzeria-milano-mainz.de/delivery,True,True,92,IE-Kompatibilität,OK – ggf. kleine Updates,403,
Bobby's Restaurant,"Zaybachstraße 5, 55128 Mainz, Deutschland",06131 4906724,https://www.bobbysrestaurant.de/,True,92,IE-Kompatibilität,OK – ggf. kleine Updates,"thai_restaurant,restaurant,point_of_interest,food,establishment",https://www.bobbysrestaurant.de/,True,True,92,IE-Kompatibilität,OK – ggf. kleine Updates,403,
Aposto Mainz,"Gutenbergpl. 8-10, 55116 Mainz, Deutschland",06131 6931620,https://www.aposto.eu/restaurants/mainz/,True,92,IE-Kompatibilität,OK – ggf. kleine Updates,"italian_restaurant,restaurant,food,point_of_interest,establishment",https://www.aposto.eu/restaurants/mainz/,True,True,92,IE-Kompatibilität,OK – ggf. kleine Updates,200,
Zeitungsente,"Neubrunnenstraße 7, 55116 Mainz, Deutschland",06131 222728,http://www.zeitungsente-mainz.de/,True,92,<center>-Tags,OK – ggf. kleine Updates,"pub,beer_garden,cafe,bar,restaurant,food,point_of_interest,establishment",https://www.zeitungsente-mainz.de/,True,True,92,<center>-Tags,OK – ggf. kleine Updates,200,
SkyBistro 360,"Kaiserstraße 98, 55116 Mainz, Deutschland",015567 269767,https://sites.google.com/view/skybistro360/startseite,True,92,IE-Kompatibilität,OK – ggf. kleine Updates,"restaurant,food,point_of_interest,establishment",https://sites.google.com/view/skybistro360/startseite,True,True,92,IE-Kompatibilität,OK – ggf. kleine Updates,200,
Pizzeria Il Pomodoro,"Steingasse 25, 55116 Mainz, Deutschland",06131 3044054,http://www.ilpomodoro-mainz.com/,True,92,IE-Kompatibilität,OK – ggf. kleine Updates,"pizza_restaurant,italian_restaurant,restaurant,food,point_of_interest,establishment",https://www.ilpomodoro-mainz.com/,True,True,92,IE-Kompatibilität,OK – ggf. kleine Updates,200,
Ânima & Coré,"Gaustraße 73, 55116 Mainz, Deutschland",06131 1433240,https://www.animaundcore.de/,True,92,IE-Kompatibilität,OK – ggf. kleine Updates,"pizza_restaurant,restaurant,food,point_of_interest,establishment",https://www.animaundcore.de/,True,True,92,IE-Kompatibilität,OK – ggf. kleine Updates,200,
Restaurant La Galleria,"Steinern Str. 23, 55252 Wiesbaden-Mainz-Kastel, Deutschland",06134 1575,https://www.restaurant-la-galleria.de/,True,92,IE-Kompatibilität,OK – ggf. kleine Updates,"italian_restaurant,meal_takeaway,restaurant,food,point_of_interest,establishment",https://www.restaurant-la-galleria.de/,True,True,92,IE-Kompatibilität,OK – ggf. kleine Updates,200,
MoschMosch Mainz,"Mailandsgasse 3, 55116 Mainz, Deutschland",06131 4807082,http://www.moschmosch.com/,True,92,IE-Kompatibilität,OK – ggf. kleine Updates,"japanese_restaurant,restaurant,food,point_of_interest,establishment",https://www.moschmosch.com/,True,True,92,IE-Kompatibilität,OK – ggf. kleine Updates,200,
Lôc Vegan Kitchen,"Bahnhofstraße 4-6, 55116 Mainz, Deutschland",06131 2139589,http://loc-vegan.de/?utm_source=google_business_profile&utm_medium=button&utm_tracking_link_id=c444e46e-f46b-48c7-9a9b-1b7373a09c38,True,92,IE-Kompatibilität,OK – ggf. kleine Updates,"vegan_restaurant,asian_restaurant,food_delivery,vegetarian_restaurant,sushi_restaurant,meal_takeaway,japanese_restaurant,restaurant,point_of_interest,food,establishment",https://loc-vegan.de/,True,True,92,IE-Kompatibilität,OK – ggf. kleine Updates,200,
Wilma Wunder Mainz am Markt,"Markt 11, 55116 Mainz, Deutschland",06131 5401555,https://www.wilma-wunder.de/restaurants/mainz-am-markt/,True,92,IE-Kompatibilität,OK – ggf. kleine Updates,"german_restaurant,european_restaurant,restaurant,food,point_of_interest,establishment",https://www.wilma-wunder.de/restaurants/mainz-am-markt/,True,True,92,IE-Kompatibilität,OK – ggf. kleine Updates,200,
Heiliggeist,"Rentengasse 2, 55116 Mainz, Deutschland",06131 4932170,https://www.heiliggeist.de/,True,92,IE-Kompatibilität,OK – ggf. kleine Updates,"restaurant,bar,food,point_of_interest,establishment",https://www.heiliggeist.de/,True,True,92,IE-Kompatibilität,OK – ggf. kleine Updates,200,
Kamin - Flammkuchen Restaurant,"Kapuzinerstraße 8, 55116 Mainz, Deutschland",06131 6277887,https://www.kamin-mainz.de/,True,92,IE-Kompatibilität,OK – ggf. kleine Updates,"restaurant,food,point_of_interest,establishment",https://www.kamin-mainz.de/,True,True,92,IE-Kompatibilität,OK – ggf. kleine Updates,200,
Patagonia Mainz,"Kaiser-Wilhelm-Ring 74, 55118 Mainz, Deutschland",06131 2106660,http://www.patagonia-mainz.de/,True,92,IE-Kompatibilität,OK – ggf. kleine Updates,"steak_house,chilean_restaurant,wine_bar,hamburger_restaurant,meal_takeaway,bar,south_american_restaurant,american_restaurant,restaurant,food,point_of_interest,establishment",https://www.patagonia-mainz.de/,True,True,92,IE-Kompatibilität,OK – ggf. kleine Updates,200,
Wilma Wunder Mainz im Cafe am Ballplatz,"Ballpl. 2, 55116 Mainz, Deutschland",06131 2191949,https://www.wilma-wunder.de/restaurants/mainz-am-ballplatz/,True,92,IE-Kompatibilität,OK – ggf. kleine Updates,"german_restaurant,european_restaurant,restaurant,food,point_of_interest,establishment",https://www.wilma-wunder.de/restaurants/mainz-am-ballplatz/,True,True,92,IE-Kompatibilität,OK – ggf. kleine Updates,200,
Zenz Wirtshaus,"Bahnhofpl. 4, 55116 Mainz, Deutschland",06131 5543834,https://www.zenz-wirtshaus.de/,True,92,IE-Kompatibilität,OK – ggf. kleine Updates,"german_restaurant,european_restaurant,restaurant,food,point_of_interest,establishment",https://www.zenz-wirtshaus.de/,True,True,92,IE-Kompatibilität,OK – ggf. kleine Updates,200,
Cubo Negro,"Karmeliterplatz 4, 55116 Mainz, Deutschland",06131 234361,https://www.cubonegro.de/,True,92,IE-Kompatibilität,OK – ggf. kleine Updates,"restaurant,food,point_of_interest,establishment",https://cubonegro.de/,True,True,92,IE-Kompatibilität,OK – ggf. kleine Updates,200,
KONA,"Mittlere Bleiche 16, 55116 Mainz, Deutschland",06131 8940875,http://www.kona-mainz.de/,True,92,IE-Kompatibilität,OK – ggf. kleine Updates,"restaurant,asian_restaurant,cafe,chinese_restaurant,japanese_restaurant,bar,food,point_of_interest,establishment",https://www.kona-mainz.de/,True,True,92,IE-Kompatibilität,OK – ggf. kleine Updates,200,
Misaki - Sushi Grill Bar,"Rheinstraße 4, 55116 Mainz, Deutschland",06131 2117087,http://www.misaki-mainz.de/,True,92,IE-Kompatibilität,OK – ggf. kleine Updates,"sushi_restaurant,japanese_restaurant,restaurant,food,point_of_interest,establishment",https://www.misaki-mainz.de/,True,True,92,IE-Kompatibilität,OK – ggf. kleine Updates,200,
Hoi An QT - Fine Sushi & Indochine Kitchen,"Rheinstraße 53, 55116 Mainz, Deutschland",06131 6968599,http://hoianqt-mainz.de/,True,92,IE-Kompatibilität,OK – ggf. kleine Updates,"sushi_restaurant,vietnamese_restaurant,indonesian_restaurant,japanese_restaurant,restaurant,food,point_of_interest,establishment",https://www.hoianqt-mainz.de/,True,True,92,IE-Kompatibilität,OK – ggf. kleine Updates,200,
Ciao Amore | Café & Bar,"Klarastraße 19, 55116 Mainz, Deutschland",0172 9656915,http://www.ciaoamoremainz.de/,True,92,IE-Kompatibilität,OK – ggf. kleine Updates,"cafe,bistro,deli,wine_bar,bar,food_store,restaurant,food,store,point_of_interest,establishment",https://www.ciaoamoremainz.de/,True,True,92,IE-Kompatibilität,OK – ggf. kleine Updates,200,
Taormina Pizzeria,"Münsterstraße 10, 55116 Mainz, Deutschland",06131 234335,https://taormina-mainz.de/,True,92,<center>-Tags,OK – ggf. kleine Updates,"italian_restaurant,restaurant,point_of_interest,food,establishment",https://taormina-mainz.de/,True,True,92,<center>-Tags,OK – ggf. kleine Updates,200,
Asia Family,"Große Bleiche 3, 55116 Mainz, Deutschland",06131 6199686,https://www.asiafamily.de/,True,92,IE-Kompatibilität,OK – ggf. kleine Updates,"asian_restaurant,chinese_restaurant,restaurant,food,point_of_interest,establishment",https://www.asiafamily.de/,True,True,92,IE-Kompatibilität,OK – ggf. kleine Updates,200,
Lotus Garten - Sushi & Asiakitchen,"Holzstraße 10, 55116 Mainz, Deutschland",0176 84627866,http://lotusgarten-mainz.de/,True,92,IE-Kompatibilität,OK – ggf. kleine Updates,"sushi_restaurant,vietnamese_restaurant,japanese_restaurant,asian_restaurant,restaurant,food,point_of_interest,establishment",https://www.lotusgarten-mainz.de/,True,True,92,IE-Kompatibilität,OK – ggf. kleine Updates,200,
Viet Xua Restaurant,"Martinsstraße 10, 55116 Mainz, Deutschland",06131 6177253,https://www.vietxua.de/,True,92,IE-Kompatibilität,OK – ggf. kleine Updates,"vietnamese_restaurant,restaurant,food,point_of_interest,establishment",https://www.vietxua.de/,True,True,92,IE-Kompatibilität,OK – ggf. kleine Updates,200,
Taiyo Finest Sushi & Asian Fusion,"Kaiserstraße 16, 55116 Mainz, Deutschland",06131 6024268,http://www.taiyosushi.de/?utm_source=google&utm_medium=wix_google_business_profile&utm_campaign=8133198874710315938,True,92,IE-Kompatibilität,OK – ggf. kleine Updates,"restaurant,food,point_of_interest,establishment",https://www.taiyosushi.de/,True,True,92,IE-Kompatibilität,OK – ggf. kleine Updates,200,
SORI Ramen,"Kaiser-Wilhelm-Ring 56, 55118 Mainz, Deutschland",06131 6067469,https://www.sori-ramen.com/,True,92,IE-Kompatibilität,OK – ggf. kleine Updates,"restaurant,food,point_of_interest,establishment",https://www.sori-ramen.com/,True,True,92,IE-Kompatibilität,OK – ggf. kleine Updates,200,
O-BANMI,"Zaybachstraße 36, 55128 Mainz, Deutschland",0176 87844989,https://www.o-banmi.de/,True,92,IE-Kompatibilität,OK – ggf. kleine Updates,"vietnamese_restaurant,restaurant,food,point_of_interest,establishment",https://www.o-banmi.de/,True,True,92,IE-Kompatibilität,OK – ggf. kleine Updates,200,
Zenrolls - Sushi Grab & Go,"Leichhof 11-13, 55116 Mainz, Deutschland",06131 2177089,https://zenrolls.de/,True,92,IE-Kompatibilität,OK – ggf. kleine Updates,"sushi_restaurant,meal_takeaway,japanese_restaurant,restaurant,food,point_of_interest,establishment",https://zenrolls.de/,True,True,92,IE-Kompatibilität,OK – ggf. kleine Updates,200,
Noodle Days,"Fuststraße 17, 55116 Mainz, Deutschland",06131 2108972,https://www.noodledays.de/,True,92,IE-Kompatibilität,OK – ggf. kleine Updates,"restaurant,food,point_of_interest,establishment",https://www.noodledays.de/,True,True,92,IE-Kompatibilität,OK – ggf. kleine Updates,200,
Domo,"Mittlere Bleiche 25, 55116 Mainz, Deutschland",06131 236998,http://mainzdomo.de/,True,92,IE-Kompatibilität,OK – ggf. kleine Updates,"korean_restaurant,sushi_restaurant,japanese_restaurant,restaurant,food,point_of_interest,establishment",https://www.mainzdomo.de/,True,True,92,IE-Kompatibilität,OK – ggf. kleine Updates,200,
Noodle Fusion 1990 Mainz,"Grebenstraße 18, 55116 Mainz, Deutschland",06131 9300322,https://noodlefusion-1990.96digital.de/,True,100,keine,OK – ggf. kleine Updates,"restaurant,barbecue_restaurant,vietnamese_restaurant,fusion_restaurant,asian_restaurant,seafood_restaurant,food_store,store,tapas_restaurant,food,point_of_interest,establishment",https://noodlefusion-1990.96digital.de/,True,True,100,keine,OK – ggf. kleine Updates,500,
Goldener Hirsch,"Nackstraße 16, 55118 Mainz, Deutschland",06131 2108020,https://www.goldener-hirsch-mainz.de/,True,100,keine,OK – ggf. kleine Updates,"german_restaurant,european_restaurant,restaurant,food,point_of_interest,establishment",https://www.goldener-hirsch-mainz.de/,True,True,100,keine,OK – ggf. kleine Updates,200,
Adam & Eden,"Bahnhofpl. 8, 55116 Mainz, Deutschland",06131 2679193,https://www.adamundeden.com/,True,100,keine,OK – ggf. kleine Updates,"restaurant,bar,cafe,food,point_of_interest,establishment",https://www.adamundeden.com/,True,True,100,keine,OK – ggf. kleine Updates,200,
Im Herzen Afrikas,"Gaustraße 38, 55116 Mainz-Altstadt, Deutschland",06131 3808111,https://im-herzen-afrikas.de/,True,100,keine,OK – ggf. kleine Updates,"restaurant,food,point_of_interest,establishment",https://im-herzen-afrikas.de/,True,True,100,keine,OK – ggf. kleine Updates,200,
Zum Goldstein,"Kartäuserstraße 3, 55116 Mainz, Deutschland",06131 236576,http://www.zum-goldstein.de/,True,100,keine,OK – ggf. kleine Updates,"german_restaurant,european_restaurant,restaurant,food,point_of_interest,establishment",https://zum-goldstein.de/,True,True,100,keine,OK – ggf. kleine Updates,200,
Hofgut Laubenheimer Höhe,"Auf der, Zur Laubenheimer Höhe 1-3, 55130 Mainz, Deutschland",06131 622260,http://www.hofgut-laubenheimer-hoehe.de/,True,100,keine,OK – ggf. kleine Updates,"restaurant,wedding_venue,tour_agency,travel_agency,german_restaurant,european_restaurant,catering_service,food_delivery,event_venue,food,service,point_of_interest,establishment",https://www.hofgut-laubenheimer-hoehe.de/,True,True,100,keine,OK – ggf. kleine Updates,200,
La Oliva Mainz,"Am Gonsenheimer Spieß 2, 55122 Mainz, Deutschland",06131 384363,https://laoliva.de/laoliva-mainz,True,100,keine,OK – ggf. kleine Updates,"pizza_restaurant,restaurant,food,point_of_interest,establishment",https://laoliva.de/standorte/laoliva-mainz/,True,True,100,keine,OK – ggf. kleine Updates,200,
Restaurant Damas Mainz,"Holzstraße 34, 55116 Mainz, Deutschland",06131 224025,https://flanigo.com/restaurant/4588,True,100,keine,OK – ggf. kleine Updates,"lebanese_restaurant,restaurant,food,point_of_interest,establishment",https://flanigo.com/restaurant/4588,True,True,100,keine,OK – ggf. kleine Updates,200,
Weinstube Hottum,"Grebenstraße 3, 55116 Mainz, Deutschland",06131 223370,https://hottum-mainz.de/,True,100,keine,OK – ggf. kleine Updates,"wine_bar,bar,food,point_of_interest,establishment",https://hottum-mainz.de/,True,True,100,keine,OK – ggf. kleine Updates,200,
Andechser am Rhein,"Rheinstraße 4G, 55116 Mainz, Deutschland",06131 6366774,https://www.andechser-mainz.de/,True,100,keine,OK – ggf. kleine Updates,"german_restaurant,bavarian_restaurant,beer_garden,european_restaurant,bar,restaurant,food,point_of_interest,establishment",https://www.andechser-mainz.de/,True,True,100,keine,OK – ggf. kleine Updates,200,
Favorite Restaurant,"Karl-Weiser-Straße 1, 55131 Mainz, Deutschland",06131 8015133,https://favorite-mainz.de/genuss-kulinarik/sternerestaurant/,True,100,keine,OK – ggf. kleine Updates,"fine_dining_restaurant,european_restaurant,restaurant,food,point_of_interest,establishment",https://www.favorite-mainz.de/genuss-kulinarik/sternerestaurant/,True,True,100,keine,OK – ggf. kleine Updates,200,
Pascha Fisch Mainz | Täglich frisch zubereitete Fischspezialitäten,"Neubrunnenstraße 4, 55116 Mainz, Deutschland",06131 5540230,https://whatsapp.com/channel/0029VaxdGmcGzzKUXWieyB44,True,100,keine,OK – ggf. kleine Updates,"restaurant,food,point_of_interest,establishment",https://www.whatsapp.com/channel/0029VaxdGmcGzzKUXWieyB44,True,True,100,keine,OK – ggf. kleine Updates,200,
Lehmanns WeinBistro & Vinothek,"Holzstraße 19, 55116 Mainz, Deutschland",06131 8924772,http://www.lehmannsmainz.de/,True,100,keine,OK – ggf. kleine Updates,"restaurant,food,point_of_interest,establishment",https://lehmannsmainz.de/,True,True,100,keine,OK – ggf. kleine Updates,200,
natürlik lekker,"Franziskanerstraße 1, 55116 Mainz, Deutschland",06131 4685806,http://natuerliklekker.de/,True,100,keine,OK – ggf. kleine Updates,"vegan_restaurant,bistro,catering_service,salad_shop,vegetarian_restaurant,food_delivery,cafe,food_store,restaurant,food,store,service,point_of_interest,establishment",https://natuerliklekker.de/,True,True,100,keine,OK – ggf. kleine Updates,200,
HEY DU,"Leichhofstraße 8, 55116 Mainz, Deutschland",0163 1611172,https://www.heydumainz.de/,True,100,keine,OK – ggf. kleine Updates,"cafe,food,point_of_interest,establishment",https://www.heydumainz.de/,True,True,100,keine,OK – ggf. kleine Updates,200,
Lalo Bistro,"Bahnhofstraße 2b, 55116 Mainz, Deutschland",06131 9712562,http://www.lalobistro-mainz.de/,True,100,keine,OK – ggf. kleine Updates,"asian_restaurant,restaurant,food,point_of_interest,establishment",https://www.lalobistro-mainz.de/,True,True,100,keine,OK – ggf. kleine Updates,200,
Pizzeria Trattoria Da Rocco - Mainz,"Römerstraße 8, 55129 Mainz-Ebersheim, Deutschland",06136 9229755,https://daroccopizzeria.de/,True,100,keine,OK – ggf. kleine Updates,"pizza_restaurant,beer_garden,pizza_delivery,meal_delivery,noodle_shop,cafe,italian_restaurant,food_delivery,bar,event_venue,restaurant,food,point_of_interest,establishment",https://daroccopizzeria.de/,True,True,100,keine,OK – ggf. kleine Updates,200,
Asia World,"Am Schleifweg 15, 55128 Mainz, Deutschland",06131 3331249,https://www.asiaworldmainz.de/,True,100,keine,OK – ggf. kleine Updates,"chinese_restaurant,seafood_restaurant,mongolian_barbecue_restaurant,buffet_restaurant,sushi_restaurant,japanese_restaurant,asian_restaurant,restaurant,food,point_of_interest,establishment",https://www.asiaworldmainz.de/,True,True,100,keine,OK – ggf. kleine Updates,200,
Brunfels Restaurant,"Münsterstraße 11, 55116 Mainz-Altstadt, Deutschland",06131 3041000,https://www.brunfelsrestaurant.com/,True,100,keine,OK – ggf. kleine Updates,"restaurant,food,point_of_interest,establishment",https://www.hyattrestaurants.com/en/mainz/restaurant/brunfels-restaurant,True,True,100,keine,OK – ggf. kleine Updates,200,
WILLICHS,"Gartenfeldstraße 9, 55118 Mainz, Deutschland",06131 3397133,https://willichs-mainz.de/,True,100,keine,OK – ggf. kleine Updates,"restaurant,food,point_of_interest,establishment",https://willichs-mainz.de/,True,True,100,keine,OK – ggf. kleine Updates,200,
Il Mondo GmbH,"Kurmainzstraße 24, 55126 Mainz, Deutschland",06131 604352,http://www.ilmondo-mainz.de/,True,100,keine,OK – ggf. kleine Updates,"italian_restaurant,restaurant,food,point_of_interest,establishment",https://www.ilmondo-mainz.de/,True,True,100,keine,OK – ggf. kleine Updates,200,
Restaurant La Gallerie - Mainz,"Gaustraße 29, 55116 Mainz, Deutschland",06131 6969414,https://lagallerie-mainz.de/,True,100,keine,OK – ggf. kleine Updates,"restaurant,wine_bar,fine_dining_restaurant,french_restaurant,italian_restaurant,bar,food,point_of_interest,establishment",https://lagallerie-mainz.de/,True,True,100,keine,OK – ggf. kleine Updates,200,
Zeitlos am Proviant Magazin,"Schillerstraße 11A, 55116 Mainz, Deutschland",0176 37088170,https://zeitlosproviant.de/,True,100,keine,OK – ggf. kleine Updates,"restaurant,brunch_restaurant,vegetarian_restaurant,breakfast_restaurant,cafe,event_venue,service,food,point_of_interest,establishment",https://zeitlosproviant.de/,True,True,100,keine,OK – ggf. kleine Updates,200,
Zum grünen Kakadu - Staatstheater Mainz,"Gutenbergpl. 3-5, 55116 Mainz, Deutschland",06131 2851281,http://zumgruenenkakadu-mainz.de/,True,100,keine,OK – ggf. kleine Updates,"restaurant,food,point_of_interest,establishment",https://www.zumgruenenkakadu-mainz.de/,True,True,100,keine,OK – ggf. kleine Updates,200,
eatDOORI - Indisches Restaurant Mainz,"Augustinerstraße 54-56, 55116 Mainz, Deutschland",06131 2181970,https://eatdoori.com/indisches-restaurant-mainz/,True,100,keine,OK – ggf. kleine Updates,"indian_restaurant,south_indian_restaurant,meal_takeaway,north_indian_restaurant,restaurant,food,point_of_interest,establishment",https://eatdoori.com/indisches-restaurant/eatdoori-mainz/,True,True,100,keine,OK – ggf. kleine Updates,200,
Olympia,"Karlsbader Str. 23, 55122 Mainz-Gonsenheim, Deutschland",06131 41587,http://www.olympia-mainz.de/,True,100,keine,OK – ggf. kleine Updates,"greek_restaurant,bowling_alley,beer_garden,mediterranean_restaurant,coffee_shop,cafe,sports_complex,german_restaurant,european_restaurant,bar,event_venue,food_store,sports_activity_location,store,service,restaurant,food,point_of_interest,establishment",https://www.olympia-mainz.de/,True,True,100,keine,OK – ggf. kleine Updates,200,
Zum Heringsbrunnen,"Heringsbrunnengasse 1, 55116 Mainz, Deutschland",06131 9711970,https://www.heringsbrunnen.de/,True,100,keine,OK – ggf. kleine Updates,"meal_takeaway,sports_bar,wine_bar,beer_garden,bar_and_grill,german_restaurant,european_restaurant,bar,restaurant,food,point_of_interest,establishment",https://www.heringsbrunnen.de/,True,True,100,keine,OK – ggf. kleine Updates,200,
Da Vito,"Holzstraße 1, 55116 Mainz, Deutschland",06131 229103,http://www.da-vito-mainz.de/,True,100,keine,OK – ggf. kleine Updates,"italian_restaurant,meal_takeaway,food_store,store,restaurant,food,point_of_interest,establishment",https://www.da-vito-mainz.de/,True,True,100,keine,OK – ggf. kleine Updates,200,
Ristorante Italiano Como Lario da Bruno,"Neubrunnenstraße 7, 55116 Mainz, Deutschland",06131 234028,http://www.como-lario.de/,True,100,keine,OK – ggf. kleine Updates,"italian_restaurant,pizza_restaurant,restaurant,food,point_of_interest,establishment",https://como-lario.de/,True,True,100,keine,OK – ggf. kleine Updates,200,
L’Angolo da Biagio,"Augustinerstraße 8, 55116 Mainz, Deutschland",06131 231737,http://www.l-angolo.de/,True,100,keine,OK – ggf. kleine Updates,"italian_restaurant,restaurant,food,point_of_interest,establishment",https://l-angolo.de/,True,True,100,keine,OK – ggf. kleine Updates,200,
Co Thu Vietnamese Authentic Kitchen & Sushi Bar,"Peter-Cornelius-Platz 8, 55118 Mainz, Deutschland",06131 3334814,https://www.cothu-asiakueche.de/,True,100,keine,OK – ggf. kleine Updates,"asian_restaurant,vietnamese_restaurant,sushi_restaurant,japanese_restaurant,meal_takeaway,restaurant,food,point_of_interest,establishment",https://www.cothu-asiakueche.de/,True,True,100,keine,OK – ggf. kleine Updates,200,
DìThu asiatische Küche,"Schusterstraße 58, 55116 Mainz, Deutschland",06131 8857419,https://www.dithu-asiakueche.de/,True,100,keine,OK – ggf. kleine Updates,"asian_restaurant,vietnamese_restaurant,sushi_restaurant,meal_takeaway,japanese_restaurant,restaurant,food,point_of_interest,establishment",https://www.dithu-asiakueche.de/,True,True,100,keine,OK – ggf. kleine Updates,200,
Ramen Ippin Mainz,"Mittlere Bleiche 27, 55116 Mainz, Deutschland",06131 8947090,https://www.ramen-ippin.de/,True,100,keine,OK – ggf. kleine Updates,"ramen_restaurant,japanese_restaurant,restaurant,food,point_of_interest,establishment",https://ramen-ippin.de/,True,True,100,keine,OK – ggf. kleine Updates,200,
